,Name,Value,Unit
0,Rs,-1.349012105814669,Ω
1,Rp,13005.676210454018,Ω
2,Tcpe,4.652295803469991e-09,Fs^(p-1)
3,p,0.9787121787288326,-
