,Name,Value,Unit
0,Rs,-0.15204805805512178,Ω
1,Rp,12845.238710527345,Ω
2,Tcpe,4.683850616875572e-09,Fs^(p-1)
3,p,0.9787731809551631,-
