,Name,Value,Unit
0,Rs,-37.1280356578318,Ω
1,Rp,59981.227889799135,Ω
2,Tcpe,3.5543222630441354e-09,Fs^(p-1)
3,p,0.98318132550279,-
