,Name,Value,Unit
0,Rs,-36.80179808800728,Ω
1,Rp,58380.256533488406,Ω
2,Tcpe,3.5869588004744495e-09,Fs^(p-1)
3,p,0.9829423417172473,-
