,Name,Value,Unit
0,Rs,26.550542909056045,Ω
1,Rp,2180.765553486539,Ω
2,Tcpe,1.1412666713140289e-08,Fs^(p-1)
3,p,0.9533377257655271,-
