,Name,Value,Unit
0,Rs,-24.8088040236578,Ω
1,Rp,59736.9160380343,Ω
2,Tcpe,3.5246187847978193e-09,Fs^(p-1)
3,p,0.9847281091914749,-
