,Name,Value,Unit
0,Rs,-157.97288875558272,Ω
1,Rp,145375.00367990063,Ω
2,Tcpe,4.030104668135976e-09,Fs^(p-1)
3,p,0.9618416032691236,-
