,set_DC_volt,DC_volt,set_AC_volt,AC_volt,Rs,Rp,Tcpe,p
0,8.0,-1.0,1.0,-1.0,-24.8088040236578,59736.9160380343,3.5246187847978193e-09,0.9847281091914749
1,8.0,-1.0,1.5,-1.0,-36.80179808800728,58380.256533488406,3.5869588004744495e-09,0.9829423417172473
2,12.0,-1.0,1.0,-1.0,-0.15204805805512178,12845.238710527345,4.683850616875572e-09,0.9787731809551631
